{
  "hash": "b72fdbc5",
  "configHash": "f39ca6f6",
  "lockfileHash": "7e12e666",
  "browserHash": "20e66f58",
  "optimized": {
    "@angular/common": {
      "src": "../../../../../node_modules/@angular/common/fesm2022/common.mjs",
      "file": "@angular_common.js",
      "fileHash": "3ef5a7d6",
      "needsInterop": false
    },
    "@angular/core": {
      "src": "../../../../../node_modules/@angular/core/fesm2022/core.mjs",
      "file": "@angular_core.js",
      "fileHash": "27e31f3c",
      "needsInterop": false
    },
    "@angular/forms": {
      "src": "../../../../../node_modules/@angular/forms/fesm2022/forms.mjs",
      "file": "@angular_forms.js",
      "fileHash": "ee8787aa",
      "needsInterop": false
    },
    "@angular/material/snack-bar": {
      "src": "../../../../../node_modules/@angular/material/fesm2022/snack-bar.mjs",
      "file": "@angular_material_snack-bar.js",
      "fileHash": "8e157c0b",
      "needsInterop": false
    },
    "@angular/platform-browser": {
      "src": "../../../../../node_modules/@angular/platform-browser/fesm2022/platform-browser.mjs",
      "file": "@angular_platform-browser.js",
      "fileHash": "95b9ee28",
      "needsInterop": false
    },
    "@angular/platform-browser/animations": {
      "src": "../../../../../node_modules/@angular/platform-browser/fesm2022/animations.mjs",
      "file": "@angular_platform-browser_animations.js",
      "fileHash": "e226dab5",
      "needsInterop": false
    },
    "@angular/router": {
      "src": "../../../../../node_modules/@angular/router/fesm2022/router.mjs",
      "file": "@angular_router.js",
      "fileHash": "fe1a5680",
      "needsInterop": false
    },
    "axios": {
      "src": "../../../../../node_modules/axios/index.js",
      "file": "axios.js",
      "fileHash": "032a1353",
      "needsInterop": false
    }
  },
  "chunks": {
    "chunk-ICKZGXRG": {
      "file": "chunk-ICKZGXRG.js"
    },
    "chunk-KZTY4OQD": {
      "file": "chunk-KZTY4OQD.js"
    },
    "chunk-XG2ITEGX": {
      "file": "chunk-XG2ITEGX.js"
    },
    "chunk-GQYC64VX": {
      "file": "chunk-GQYC64VX.js"
    },
    "chunk-ITYDLSBM": {
      "file": "chunk-ITYDLSBM.js"
    }
  }
}